<code_scheme name="Default" version="173">
  <GoCodeStyleSettings>
    <option name="IMPORT_SORTING" value="GOIMPORTS" />
    <option name="LOCAL_PACKAGE_PREFIXES" />
  </GoCodeStyleSettings>
  <SqlCodeStyleSettings version="7">
    <option name="USE_GENERAL_STYLE" value="true" />
    <option name="SUBQUERY_OPENING" value="1" />
    <option name="SUBQUERY_CONTENT" value="1" />
    <option name="SUBQUERY_CLOSING" value="1" />
    <option name="SUBQUERY_PAR_SPACE_INSIDE" value="true" />
    <option name="EXPR_CASE_WHEN_WRAP" value="false" />
    <option name="EXPR_CASE_END" value="9" />
    <option name="ALIGN_AS_IN_SELECT_STATEMENT" value="false" />
    <option name="ALIGN_TYPE_IN_CREATE_STATEMENT" value="false" />
    <option name="ALIGN_TYPE_IN_BLOCK_STATEMENT" value="false" />
    <option name="ALIGN_TYPE_IN_ARGUMENT_DEFINITION" value="false" />
    <option name="ALIGN_INSIDE_BINARY_EXPRESSION" value="false" />
    <option name="ALIGN_INSIDE_QUERY_EXPRESSION" value="false" />
    <option name="ALIGN_EQ_INSIDE_SET_CLAUSE" value="false" />
    <option name="NEW_LINE_BEFORE_FROM" value="false" />
    <option name="NEW_LINE_BEFORE_JOIN" value="false" />
    <option name="NEW_LINE_BEFORE_WHERE" value="false" />
    <option name="NEW_LINE_BEFORE_GROUP_BY" value="false" />
    <option name="NEW_LINE_BEFORE_ORDER_BY" value="false" />
    <option name="NEW_LINE_BEFORE_HAVING" value="false" />
    <option name="NEW_LINE_BEFORE_THEN" value="false" />
    <option name="NEW_LINE_BEFORE_ELSE" value="false" />
    <option name="NEW_LINE_BEFORE_OTHER_CLAUSES" value="false" />
    <option name="INDENT_JOIN" value="false" />
    <option name="INDENT_JOIN_CONDITION" value="false" />
    <option name="WRAP_INSIDE_CREATE_TABLE" value="0" />
    <option name="WRAP_INSIDE_SELECT" value="0" />
    <option name="WRAP_INSIDE_JOIN_EXPRESSION" value="0" />
    <option name="WRAP_INSIDE_GROUP_BY" value="0" />
    <option name="WRAP_INSIDE_WHERE" value="0" />
    <option name="WRAP_INSIDE_ORDER_BY" value="0" />
    <option name="WRAP_INSIDE_SET" value="0" />
    <option name="WRAP_INSIDE_ARGUMENT_DEFINITION" value="0" />
    <option name="WRAP_INSIDE_CALL_EXPRESSION" value="0" />
    <option name="WRAP_INSIDE_VALUES_EXPRESSION" value="0" />
    <option name="WRAP_VALUES_EXPRESSION" value="0" />
    <option name="WRAP_PARENTHESIZED_EXPRESSION_INSIDE_VALUES" value="0" />
    <option name="NEW_LINE_AFTER_SELECT_ITEM" value="false" />
  </SqlCodeStyleSettings>
  <codeStyleSettings language="SQL">
    <option name="KEEP_LINE_BREAKS" value="false" />
    <indentOptions>
      <option name="TAB_SIZE" value="8" />
    </indentOptions>
  </codeStyleSettings>
  <codeStyleSettings language="yaml">
    <option name="SPACE_WITHIN_BRACKETS" value="false" />
    <option name="SPACE_WITHIN_BRACES" value="false" />
  </codeStyleSettings>
</code_scheme>