<application>
  <component name="FileTypeManager" version="19">
    <extensionMap>
      <mapping pattern="current_link_width" type="AUTO_DETECTED" />
      <mapping pattern="00000000" type="AUTO_DETECTED" />
      <mapping pattern="scripts" type="AUTO_DETECTED" />
      <mapping pattern="max_link_width" type="AUTO_DETECTED" />
      <mapping pattern="CODEOWNERS" type="AUTO_DETECTED" />
      <mapping pattern="Dockerfile.scheduler-test" type="Dockerfile" />
      <mapping pattern="Makefile.old" type="Makefile" />
      <mapping ext="test" type="PLAIN_TEXT" />
      <removed_mapping ext="pdf" approved="true" type="Native" />
    </extensionMap>
  </component>
</application>