<application>
  <component name="GoSdkList">
    <sdk-url>
      <set>
        <option value="file://$USER_HOME$/.gvm/gos/go1.20" />
        <option value="file://$USER_HOME$/.gvm/gos/go1.21.7" />
        <option value="file://$USER_HOME$/.gvm/gos/go1.22" />
        <option value="file://$USER_HOME$/.gvm/gos/go1.22.2" />
        <option value="file://$USER_HOME$/.gvm/gos/go1.22.7" />
        <option value="file://$USER_HOME$/.gvm/gos/go1.23.1" />
        <option value="file://$USER_HOME$/go/pkg/mod/golang.org/toolchain@v0.0.1-go1.22.0.darwin-arm64" />
        <option value="file://$USER_HOME$/go/pkg/mod/golang.org/toolchain@v0.0.1-go1.23.1.darwin-arm64" />
        <option value="file:///opt/homebrew/Cellar/go/1.19.5/libexec" />
        <option value="file:///opt/homebrew/Cellar/go/1.20.3/libexec" />
        <option value="file:///opt/homebrew/Cellar/go/1.21.2/libexec" />
        <option value="file:///opt/homebrew/Cellar/go/1.21.6/libexec" />
        <option value="file:///opt/homebrew/Cellar/go/1.23.0/libexec" />
        <option value="file:///opt/homebrew/Cellar/go@1.20/1.20.7/libexec" />
        <option value="file:///opt/homebrew/Cellar/go@1.20/1.20.9/libexec" />
        <option value="file:///opt/homebrew/opt/go/libexec" />
      </set>
    </sdk-url>
  </component>
</application>