<application>
  <component name="ParameterNameHintsSettings">
    <blacklists>
      <blacklist language="Go">
        <added pattern="METHOD:go.uber.org/zap#SugaredLogger.Errorw(msg,keysAndValues...)" />
        <added pattern="METHOD:go.uber.org/zap#SugaredLogger.Infow(msg,keysAndValues...)" />
        <added pattern="METHOD:go.uber.org/zap#SugaredLogger.Debugw(msg,keysAndValues...)" />
        <added pattern="METHOD:github.com/go-logr/logr#Logger.Info(msg,keysAndValues...)" />
        <added pattern="FUNCTION:log/slog#Debug(msg,args...)" />
        <added pattern="METHOD:go.uber.org/zap#SugaredLogger.With(args...)" />
        <added pattern="FUNCTION:git.sbercloud.tech/products/aicloud/backend/nvs/nvs-alertmanager-webhook/internal/config#repr(obj,fields...)" />
        <added pattern="FUNCTION:git.sbercloud.tech/products/aicloud/backend/nvs/nvs-feature-discovery/internal/config#repr(obj,fields...)" />
      </blacklist>
    </blacklists>
  </component>
</application>