<application>
  <component name="ProjectManager">
    <defaultProject>
      <component name="ProjectViewState">
        <option name="hideEmptyMiddlePackages" value="true" />
        <option name="showLibraryContents" value="true" />
      </component>
      <component name="PropertiesComponent">{
  &quot;keyToString&quot;: {
    &quot;go.import.settings.migrated&quot;: &quot;true&quot;,
    &quot;settings.editor.selected.configurable&quot;: &quot;reference.settingsdialog.IDE.editor.colors&quot;
  }
}</component>
      <component name="WindowStateProjectService">
        <state x="469" y="107" key="SettingsEditor" timestamp="1701140124973">
          <screen x="0" y="25" width="1920" height="996" />
        </state>
        <state x="469" y="107" key="SettingsEditor/-1512.92.1512.944/0.25.1920.996" timestamp="1701140124973" />
      </component>
    </defaultProject>
  </component>
</application>