<application>
  <component name="CachedDictionaryState">
    <words>
      <w>aicjobs</w>
      <w>aicloud</w>
      <w>aikovalev</w>
      <w>alertmanager</w>
      <w>alertmanger</w>
      <w>alertname</w>
      <w>allocprofile</w>
      <w>amhook</w>
      <w>autocordon</w>
      <w>cicd</w>
      <w>clientset</w>
      <w>clustersync</w>
      <w>corev</w>
      <w>daemonset</w>
      <w>dcgm</w>
      <w>debugf</w>
      <w>enricher</w>
      <w>etccontrollers</w>
      <w>expecter</w>
      <w>exts</w>
      <w>fctx</w>
      <w>fsnotify</w>
      <w>funcs</w>
      <w>gitfame</w>
      <w>gjob</w>
      <w>goimports</w>
      <w>goodjob</w>
      <w>goodjobs</w>
      <w>healthz</w>
      <w>horovod</w>
      <w>hotspare</w>
      <w>infini</w>
      <w>infof</w>
      <w>inqueue</w>
      <w>jctxs</w>
      <w>karpenter</w>
      <w>kubebuilder</w>
      <w>labeldrop</w>
      <w>labelexporter</w>
      <w>labelkeep</w>
      <w>langs</w>
      <w>lintf</w>
      <w>logaa</w>
      <w>logaas</w>
      <w>logr</w>
      <w>mapstructure</w>
      <w>mellanox</w>
      <w>mlspace</w>
      <w>monaas</w>
      <w>mpimaster</w>
      <w>mpirun</w>
      <w>mpiworker</w>
      <w>nodeselector</w>
      <w>nogpu</w>
      <w>nvidiagpu</w>
      <w>nvsctl</w>
      <w>nvsfd</w>
      <w>opentelemetry</w>
      <w>otel</w>
      <w>otlp</w>
      <w>outpkg</w>
      <w>parg</w>
      <w>pargs</w>
      <w>pctx</w>
      <w>pctxs</w>
      <w>plog</w>
      <w>podgroups</w>
      <w>postgre</w>
      <w>rawf</w>
      <w>readyz</w>
      <w>reconciler</w>
      <w>recv</w>
      <w>reloader</w>
      <w>repanic</w>
      <w>repr</w>
      <w>requeueing</w>
      <w>requeuing</w>
      <w>reseted</w>
      <w>rolebinding</w>
      <w>rollbackable</w>
      <w>runnables</w>
      <w>runx</w>
      <w>runy</w>
      <w>sbercloud</w>
      <w>sched</w>
      <w>schedulable</w>
      <w>sslmode</w>
      <w>staticcheck</w>
      <w>stdlog</w>
      <w>subresources</w>
      <w>testutil</w>
      <w>uncordoned</w>
      <w>unschedulable</w>
      <w>untaint</w>
      <w>untolerated</w>
      <w>vcjob</w>
      <w>vcjobs</w>
      <w>victoriametrics</w>
      <w>vmagent</w>
      <w>vmoperator</w>
      <w>whook</w>
      <w>withf</w>
      <w>workqueue</w>
      <w>xmanager</w>
      <w>xmgr</w>
      <w>zerolog</w>
      <w>автокордон</w>
      <w>автокордона</w>
      <w>автокордоне</w>
      <w>алерты</w>
      <w>воркспейсу</w>
      <w>лейблов</w>
      <w>овых</w>
      <w>пререквизит</w>
      <w>смерджить</w>
    </words>
  </component>
</application>