<application>
  <component name="Trusted.Paths">
    <option name="TRUSTED_PROJECT_PATHS">
      <map>
        <entry key="$USER_HOME$/my/github/GO-LeArNinG/yandex-lyceum/programming-on-go-24" value="true" />
        <entry key="$USER_HOME$/my/github/GO-LeArNinG/yandex-lyceum/web-development-on-go-24" value="true" />
        <entry key="$USER_HOME$/my/github/apis" value="true" />
        <entry key="$USER_HOME$/my/github/go-yandex" value="true" />
        <entry key="$USER_HOME$/my/github/k8s-device-plugin" value="true" />
        <entry key="$USER_HOME$/my/github/runy" value="true" />
        <entry key="$USER_HOME$/my/github/volcano" value="true" />
        <entry key="$USER_HOME$/my/shad/go/code/belo4ya" value="true" />
        <entry key="$USER_HOME$/my/shad/sre-intensive/sre-intensive-public" value="true" />
        <entry key="$USER_HOME$/my/volcano" value="true" />
        <entry key="$USER_HOME$/work/mlspace/aicloud-great-job" value="true" />
        <entry key="$USER_HOME$/work/mlspace/code/async-temporal-example" value="true" />
        <entry key="$USER_HOME$/work/mlspace/code/fluent-bit-plugin" value="true" />
        <entry key="$USER_HOME$/work/mlspace/code/go-playground" value="true" />
        <entry key="$USER_HOME$/work/mlspace/code/job-health-guardian" value="true" />
        <entry key="$USER_HOME$/work/mlspace/code/k8s_lib/scripts/src/wait-ready" value="true" />
        <entry key="$USER_HOME$/work/mlspace/code/k8s_lib/scripts/src/wait-workers" value="true" />
        <entry key="$USER_HOME$/work/mlspace/code/mlspace-core-gateway" value="true" />
        <entry key="$USER_HOME$/work/mlspace/code/mlspace-core-mgmt" value="true" />
        <entry key="$USER_HOME$/work/mlspace/code/mlspace-good-job" value="true" />
        <entry key="$USER_HOME$/work/mlspace/code/mlspace-job-dispatcher" value="true" />
        <entry key="$USER_HOME$/work/mlspace/code/mlspace-job-status-updater" value="true" />
        <entry key="$USER_HOME$/work/mlspace/code/mlspace-monaas-enricher" value="true" />
        <entry key="$USER_HOME$/work/mlspace/code/mlspace-monitoring-victoria-metrics" value="true" />
        <entry key="$USER_HOME$/work/mlspace/code/mlspace-queue-scraper-webhook" value="true" />
        <entry key="$USER_HOME$/work/mlspace/code/node-validation-labeler/node-problem-detector/plugins" value="true" />
        <entry key="$USER_HOME$/work/mlspace/code/nvs-alertmanager-webhook" value="true" />
        <entry key="$USER_HOME$/work/mlspace/code/nvs-cni-health-probe" value="true" />
        <entry key="$USER_HOME$/work/mlspace/code/nvs-feature-discovery" value="true" />
        <entry key="$USER_HOME$/work/mlspace/code/nvs-maintenance-controller" value="true" />
        <entry key="$USER_HOME$/work/mlspace/code/nvs-node-problem-detector" value="true" />
        <entry key="$USER_HOME$/work/mlspace/code/pinarik-classifier" value="true" />
        <entry key="$USER_HOME$/work/mlspace/code/runx" value="true" />
        <entry key="$USER_HOME$/work/mlspace/code/volcano" value="true" />
        <entry key="$USER_HOME$/work/mlspace/code/volcano-env" value="true" />
        <entry key="$USER_HOME$/work/mlspace/node-manager" value="true" />
      </map>
    </option>
  </component>
  <component name="Trusted.Paths.Settings">
    <option name="TRUSTED_PATHS">
      <list>
        <option value="$USER_HOME$/work/mlspace/code" />
      </list>
    </option>
  </component>
</application>