<application>
  <component name="DimensionService">
    <location key="find.popup.0.0.3840.2160@192dpi" x="1448" y="320" />
    <location key="find.popup.0.0.3024.1964@192dpi" x="1140" y="316" />
    <size key="GridCell.Tab.0.left.0.0.3840.2160@192dpi" width="3676" height="874" />
    <size key="GridCell.Tab.0.center.0.0.3840.2160@192dpi" width="3676" height="874" />
    <size key="GridCell.Tab.0.right.0.0.3840.2160@192dpi" width="3676" height="874" />
    <size key="GridCell.Tab.0.bottom.0.0.3840.2160@192dpi" width="3676" height="874" />
    <size key="find.popup.0.0.3840.2160@192dpi" width="1388" height="1112" />
    <size key="GridCell.Tab.1.left.0.0.3840.2160@192dpi" width="3676" height="874" />
    <size key="GridCell.Tab.1.center.0.0.3840.2160@192dpi" width="3676" height="874" />
    <size key="GridCell.Tab.1.right.0.0.3840.2160@192dpi" width="3676" height="874" />
    <size key="GridCell.Tab.1.bottom.0.0.3840.2160@192dpi" width="3676" height="874" />
    <size key="find.popup.0.0.3024.1964@192dpi" width="1298" height="1112" />
    <size key="GridCell.Tab.2.left.0.0.3840.2160@192dpi" width="2852" height="796" />
    <size key="GridCell.Tab.2.center.0.0.3840.2160@192dpi" width="2852" height="796" />
    <size key="GridCell.Tab.2.right.0.0.3840.2160@192dpi" width="2852" height="796" />
    <size key="GridCell.Tab.2.bottom.0.0.3840.2160@192dpi" width="2852" height="796" />
    <size key="GridCell.Tab.3.left.0.0.3840.2160@192dpi" width="3002" height="832" />
    <size key="GridCell.Tab.3.center.0.0.3840.2160@192dpi" width="3002" height="832" />
    <size key="GridCell.Tab.3.right.0.0.3840.2160@192dpi" width="3002" height="832" />
    <size key="GridCell.Tab.3.bottom.0.0.3840.2160@192dpi" width="3002" height="832" />
  </component>
  <component name="WindowManager">
    <frame x="0" y="25" width="1920" height="994" extendedState="6" />
  </component>
  <component name="WindowStateApplicationService">
    <state width="823" height="139" key="ShowUsagesActions.dimensionServiceKey" timestamp="1735375235103">
      <screen x="0" y="25" width="1920" height="994" />
    </state>
    <state width="823" height="139" key="ShowUsagesActions.dimensionServiceKey/-1512.92.1512.944/0.25.1920.994" timestamp="1735375235103" />
    <state width="743" height="139" key="ShowUsagesActions.dimensionServiceKey/-1512.92.1512.944/0.25.1920.995" timestamp="1735186645593" />
    <state x="960" y="464" width="800" height="650" key="WELCOME_SCREEN" timestamp="1735304968935">
      <screen x="0" y="25" width="1920" height="994" />
    </state>
    <state x="960" y="464" width="800" height="650" key="WELCOME_SCREEN/-1512.92.1512.944/0.25.1920.994" timestamp="1735304968935" />
    <state x="960" y="465" width="800" height="650" key="WELCOME_SCREEN/-1512.92.1512.944/0.25.1920.995" timestamp="1734488202739" />
  </component>
</application>