<filetype binary="false" description="Caddyfile" name="Caddyfile">
  <highlighting>
    <options>
      <option name="LINE_COMMENT" value="#" />
      <option name="COMMENT_START" value="" />
      <option name="COMMENT_END" value="" />
      <option name="HEX_PREFIX" value="" />
      <option name="NUM_POSTFIXES" value="" />
      <option name="HAS_BRACES" value="true" />
      <option name="HAS_BRACKETS" value="true" />
      <option name="HAS_PARENS" value="true" />
    </options>
    <keywords keywords="copy_headers;forward_auth;handle;reverse_proxy;uri" ignore_case="false" />
    <keywords2 keywords="path" />
    <keywords3 keywords="import" />
  </highlighting>
  <extensionMap>
    <mapping pattern="Caddyfile" />
  </extensionMap>
</filetype>