<application>
  <component name="dataSourceStorage" format="xml" multifile-model="true">
    <data-source source="LOCAL" name="@100.66.36.216" uuid="b6942ba5-fbe7-4e10-a484-e346ffa4e107">
      <driver-ref>clickhouse</driver-ref>
      <synchronize>true</synchronize>
      <jdbc-driver>com.clickhouse.jdbc.ClickHouseDriver</jdbc-driver>
      <jdbc-url>jdbc:clickhouse://100.66.36.216:8123</jdbc-url>
      <jdbc-additional-properties>
        <property name="com.intellij.clouds.kubernetes.db.host.port" />
        <property name="com.intellij.clouds.kubernetes.db.enabled" value="false" />
        <property name="com.intellij.clouds.kubernetes.db.container.port" />
      </jdbc-additional-properties>
      <working-dir>$ProjectFileDir$</working-dir>
    </data-source>
    <data-source source="LOCAL" name="dev-master@100.66.36.74" uuid="d6530624-876e-4978-854c-2eff79195d2e">
      <driver-ref>postgresql</driver-ref>
      <synchronize>true</synchronize>
      <jdbc-driver>org.postgresql.Driver</jdbc-driver>
      <jdbc-url>jdbc:postgresql://100.66.36.74:5000/ai_billing</jdbc-url>
      <jdbc-additional-properties>
        <property name="com.intellij.clouds.kubernetes.db.host.port" />
        <property name="com.intellij.clouds.kubernetes.db.enabled" value="false" />
        <property name="com.intellij.clouds.kubernetes.db.resource.type" value="Deployment" />
        <property name="com.intellij.clouds.kubernetes.db.container.port" />
      </jdbc-additional-properties>
      <working-dir>$ProjectFileDir$</working-dir>
    </data-source>
    <data-source source="LOCAL" name="dev-master-billing@100.66.36.74 [2]" uuid="0ab29354-3523-4f74-861b-34cbfd7d8c56">
      <driver-ref>postgresql</driver-ref>
      <synchronize>true</synchronize>
      <jdbc-driver>org.postgresql.Driver</jdbc-driver>
      <jdbc-url>jdbc:postgresql://100.66.36.74:5000/ai_billing</jdbc-url>
      <jdbc-additional-properties>
        <property name="com.intellij.clouds.kubernetes.db.host.port" />
        <property name="com.intellij.clouds.kubernetes.db.enabled" value="false" />
        <property name="com.intellij.clouds.kubernetes.db.resource.type" value="Deployment" />
        <property name="com.intellij.clouds.kubernetes.db.container.port" />
      </jdbc-additional-properties>
      <working-dir>$ProjectFileDir$</working-dir>
    </data-source>
    <data-source source="LOCAL" name="prod@10.1.244.93" uuid="88a81d72-9e65-4838-87dd-3193ae465c80">
      <driver-ref>clickhouse</driver-ref>
      <synchronize>true</synchronize>
      <jdbc-driver>com.clickhouse.jdbc.ClickHouseDriver</jdbc-driver>
      <jdbc-url>jdbc:clickhouse://10.1.244.93:31743/</jdbc-url>
      <jdbc-additional-properties>
        <property name="com.intellij.clouds.kubernetes.db.host.port" />
        <property name="com.intellij.clouds.kubernetes.db.enabled" value="false" />
        <property name="com.intellij.clouds.kubernetes.db.resource.type" value="Deployment" />
        <property name="com.intellij.clouds.kubernetes.db.container.port" />
      </jdbc-additional-properties>
      <working-dir>$ProjectFileDir$</working-dir>
      <driver-properties>
        <property name="socket_timeout" value="3000000" />
      </driver-properties>
    </data-source>
  </component>
</application>