<application>
  <component name="FileTypeManager" version="19">
    <ignoreFiles list="*$py.class;*.pyc;*.pyo;*.rbc;*.yarb;*~;.DS_Store;.git;.hg;.mypy_cache;.pytest_cache;.ruff_cache;.svn;CVS;__pycache__;_svn;vssver.scc;vssver2.scc" />
    <extensionMap>
      <mapping pattern="anna-karenina" type="AUTO_DETECTED" />
      <mapping pattern="cbc" type="AUTO_DETECTED" />
      <mapping pattern="wait_workers" type="AUTO_DETECTED" />
      <mapping ext="tmpl" type="Go Template" />
      <mapping ext="gen" type="Makefile" />
      <mapping ext="go" type="PLAIN_TEXT" />
      <mapping ext="sqlite-journal" type="PLAIN_TEXT" />
      <mapping ext="lock" type="PLAIN_TEXT" />
      <mapping ext="map" type="PLAIN_TEXT" />
      <mapping ext="rules" type="YAML" />
      <mapping pattern=".flake8" type="Zeppelin" />
      <removed_mapping ext="csv" approved="true" type="CSV/TSV" />
      <removed_mapping ext="dockerignore" approved="true" type="DockerIgnore file" />
      <removed_mapping ext="env" approved="true" type="Env File" />
      <removed_mapping ext="ignore" approved="true" type="IgnoreLang file" />
      <removed_mapping ext="map" approved="true" type="SourceMap" />
      <removed_mapping ext="pdf" approved="true" type="Native" />
      <removed_mapping ext="tmpl" approved="true" type="Angular2Html" />
      <removed_mapping ext="tsv" approved="true" type="CSV/TSV" />
      <removed_mapping pattern=".env" approved="true" type=".env file" />
    </extensionMap>
  </component>
</application>