<application>
  <component name="GraziConfig">
    <option name="enabledLanguages">
      <set>
        <option value="English (US)" />
        <option value="Russian" />
      </set>
    </option>
    <option name="suppressingContext">
      <SuppressingContext>
        <option name="suppressed">
          <set>
            <option value="IPython.display" />
            <option value="в под приложения" />
            <option value="если" />
          </set>
        </option>
      </SuppressingContext>
    </option>
    <option name="detectionContext">
      <State>
        <option name="disabled">
          <set>
            <option value="ASTURIAN" />
            <option value="UKRAINIAN" />
          </set>
        </option>
      </State>
    </option>
  </component>
</application>