<application>
  <component name="ProjectManager">
    <defaultProject>
      <component name="ProjectView">
        <navigator proportions="" version="1" />
        <panes />
      </component>
      <component name="ProjectViewState">
        <option name="hideEmptyMiddlePackages" value="true" />
        <option name="showLibraryContents" value="true" />
      </component>
      <component name="PropertiesComponent">{
  &quot;keyToString&quot;: {
    &quot;settings.editor.selected.configurable&quot;: &quot;reference.settingsdialog.IDE.editor.colors&quot;
  }
}</component>
      <component name="WindowStateProjectService">
        <state x="748" y="278" key="FileChooserDialogImpl" timestamp="1726081129579">
          <screen x="0" y="25" width="1920" height="995" />
        </state>
        <state x="748" y="278" key="FileChooserDialogImpl/-1512.92.1512.944/0.25.1920.995" timestamp="1726081129579" />
      </component>
    </defaultProject>
  </component>
</application>