<application>
  <component name="Trusted.Paths">
    <option name="TRUSTED_PROJECT_PATHS">
      <map>
        <entry key="$USER_HOME$/my/SlurmCertK8s" value="true" />
        <entry key="$USER_HOME$/my/SlurmCertK8s/pythonProject" value="true" />
        <entry key="$USER_HOME$/my/shad/db/part1/code/db" value="true" />
        <entry key="$USER_HOME$/my/shad/distsys/code/belo4ya-2024-fall" value="true" />
        <entry key="$USER_HOME$/my/shad/efdl/code/efficient-dl-systems" value="true" />
        <entry key="$USER_HOME$/my/shad/gpt-week-hw-11122023" value="true" />
        <entry key="$USER_HOME$/my/shad/net/code/computer-networks" value="true" />
        <entry key="$USER_HOME$/my/shad/sre-intensive/sre-intensive-public" value="true" />
        <entry key="$USER_HOME$/my/shad/sre-intensive/sre-intensive-public/pythonProject" value="true" />
        <entry key="$USER_HOME$/my/shad/sre-intensive/sre-intensive-public/sre-intensive-public" value="true" />
        <entry key="$USER_HOME$/my/shad/sre/belo4ya" value="true" />
        <entry key="$USER_HOME$/my/slurm/k8s_dev_cert_project" value="true" />
        <entry key="$USER_HOME$/work/mlspace/code/aicloud-gateway-api" value="true" />
        <entry key="$USER_HOME$/work/mlspace/code/aicloud-gateway-api-v2" value="true" />
        <entry key="$USER_HOME$/work/mlspace/code/aicloud-grafana-service-controller" value="true" />
        <entry key="$USER_HOME$/work/mlspace/code/aicloud-mgmt-api-v2" value="true" />
        <entry key="$USER_HOME$/work/mlspace/code/aicloud-resource-manager" value="true" />
        <entry key="$USER_HOME$/work/mlspace/code/aicloud-ui-backend" value="true" />
        <entry key="$USER_HOME$/work/mlspace/code/aicloud_python_utils" value="true" />
        <entry key="$USER_HOME$/work/mlspace/code/aicloud_python_utils/aicloud_python_utils" value="true" />
        <entry key="$USER_HOME$/work/mlspace/code/billing-api-v2" value="true" />
        <entry key="$USER_HOME$/work/mlspace/code/checkpoint_watcher_mvp" value="true" />
        <entry key="$USER_HOME$/work/mlspace/code/cicd" value="true" />
        <entry key="$USER_HOME$/work/mlspace/code/cluster-gw" value="true" />
        <entry key="$USER_HOME$/work/mlspace/code/grafana_dashboards" value="true" />
        <entry key="$USER_HOME$/work/mlspace/code/grpc-job-dispatcher" value="true" />
        <entry key="$USER_HOME$/work/mlspace/code/job-dispatcher" value="true" />
        <entry key="$USER_HOME$/work/mlspace/code/k8s_lib" value="true" />
        <entry key="$USER_HOME$/work/mlspace/code/like-dislike-service-py" value="true" />
        <entry key="$USER_HOME$/work/mlspace/code/ml-images" value="true" />
        <entry key="$USER_HOME$/work/mlspace/code/mlspace-client-lib" value="true" />
        <entry key="$USER_HOME$/work/mlspace/code/mlspace-public-api" value="true" />
        <entry key="$USER_HOME$/work/mlspace/code/nfs-dispatcher" value="true" />
        <entry key="$USER_HOME$/work/mlspace/code/node-feature-discovery" value="true" />
        <entry key="$USER_HOME$/work/mlspace/code/node-validation-labeler" value="true" />
        <entry key="$USER_HOME$/work/mlspace/code/pinarik" value="true" />
        <entry key="$USER_HOME$/work/mlspace/code/playground" value="true" />
        <entry key="$USER_HOME$/work/mlspace/code/prometheus-mgmt" value="true" />
        <entry key="$USER_HOME$/work/mlspace/code/prometheus-mon-aicloud-k4" value="true" />
        <entry key="$USER_HOME$/work/mlspace/code/py-grpc-bench" value="true" />
        <entry key="$USER_HOME$/work/mlspace/code/py-playground" value="true" />
        <entry key="$USER_HOME$/work/mlspace/code/pytorch_elastic_examples" value="true" />
        <entry key="$USER_HOME$/work/mlspace/code/scheduler" value="true" />
        <entry key="$USER_HOME$/work/mlspace/code/services" value="true" />
        <entry key="$USER_HOME$/work/mlspace/configs/aikovalev-k8s" value="true" />
      </map>
    </option>
  </component>
  <component name="Trusted.Paths.Settings">
    <option name="TRUSTED_PATHS">
      <list>
        <option value="$USER_HOME$/work/mlspace/configs" />
        <option value="$USER_HOME$/work/mlspace/code" />
      </list>
    </option>
  </component>
</application>