<application>
  <component name="DimensionService">
    <location key="find.popup.0.0.3840.2160@192dpi" x="1450" y="320" />
    <location key="find.popup.0.0.3024.1964@192dpi" x="1140" y="314" />
    <location key="find.popup.-520.-1440.2560.1440" x="445" y="-1223" />
    <size key="find.popup.0.0.3840.2160@192dpi" width="1544" height="1080" />
    <size key="GridCell.Tab.0.left.0.0.3840.2160@192dpi" width="3676" height="572" />
    <size key="GridCell.Tab.0.center.0.0.3840.2160@192dpi" width="3676" height="572" />
    <size key="GridCell.Tab.0.right.0.0.3840.2160@192dpi" width="3676" height="572" />
    <size key="GridCell.Tab.0.bottom.0.0.3840.2160@192dpi" width="3676" height="572" />
    <size key="GridCell.Tab.1.left.0.0.3840.2160@192dpi" width="3170" height="506" />
    <size key="GridCell.Tab.1.center.0.0.3840.2160@192dpi" width="3170" height="506" />
    <size key="GridCell.Tab.1.right.0.0.3840.2160@192dpi" width="3170" height="506" />
    <size key="GridCell.Tab.1.bottom.0.0.3840.2160@192dpi" width="3170" height="506" />
    <size key="find.popup.0.0.3024.1964@192dpi" width="1298" height="1100" />
    <size key="GridCell.Tab.0.left.-520.-1440.2560.1440" width="1838" height="496" />
    <size key="GridCell.Tab.0.center.-520.-1440.2560.1440" width="1838" height="496" />
    <size key="GridCell.Tab.0.right.-520.-1440.2560.1440" width="1838" height="496" />
    <size key="GridCell.Tab.0.bottom.-520.-1440.2560.1440" width="1838" height="496" />
    <size key="find.popup.-520.-1440.2560.1440" width="860" height="768" />
    <size key="GridCell.Tab.2.left.0.0.3840.2160@192dpi" width="2572" height="392" />
    <size key="GridCell.Tab.2.center.0.0.3840.2160@192dpi" width="2572" height="392" />
    <size key="GridCell.Tab.2.right.0.0.3840.2160@192dpi" width="2572" height="392" />
    <size key="GridCell.Tab.2.bottom.0.0.3840.2160@192dpi" width="2572" height="392" />
    <size key="GridCell.Tab.3.left.0.0.3840.2160@192dpi" width="2572" height="392" />
    <size key="GridCell.Tab.3.center.0.0.3840.2160@192dpi" width="2572" height="392" />
    <size key="GridCell.Tab.3.right.0.0.3840.2160@192dpi" width="2572" height="392" />
    <size key="GridCell.Tab.3.bottom.0.0.3840.2160@192dpi" width="2572" height="392" />
    <size key="javadoc.popup.new.0.0.3840.2160@192dpi" width="3370" height="1222" />
    <size key="GridCell.Tab.0.left.0.0.3024.1964@192dpi" width="2860" height="362" />
    <size key="GridCell.Tab.0.center.0.0.3024.1964@192dpi" width="2860" height="362" />
    <size key="GridCell.Tab.0.right.0.0.3024.1964@192dpi" width="2860" height="362" />
    <size key="GridCell.Tab.0.bottom.0.0.3024.1964@192dpi" width="2860" height="362" />
  </component>
  <component name="WindowManager">
    <frame x="0" y="25" width="1916" height="994" extendedState="6" />
  </component>
  <component name="WindowStateApplicationService">
    <state width="552" height="183" key="ShowUsagesActions.dimensionServiceKey" timestamp="1735111243780">
      <screen x="0" y="25" width="1920" height="995" />
    </state>
    <state width="552" height="183" key="ShowUsagesActions.dimensionServiceKey/-1512.92.1512.944/0.25.1920.995" timestamp="1735111243780" />
    <state x="959" y="499" width="1093" height="720" key="WELCOME_SCREEN" timestamp="1735377756550">
      <screen x="0" y="25" width="1920" height="994" />
    </state>
    <state x="959" y="499" width="1093" height="720" key="WELCOME_SCREEN/-1512.92.1512.944/0.25.1920.994" timestamp="1735377756550" />
    <state x="959" y="465" width="1093" height="650" key="WELCOME_SCREEN/-1512.92.1512.944/0.25.1920.995" timestamp="1734941076858" />
    <state x="755" y="446" width="1093" height="650" key="WELCOME_SCREEN/0.38.1512.884" timestamp="1729771881374" />
  </component>
</application>